"Step","input10_examples20_not_cot_T20_seed4 - perturbed_mean_loss","input10_examples20_not_cot_T20_seed4 - perturbed_mean_loss__MIN","input10_examples20_not_cot_T20_seed4 - perturbed_mean_loss__MAX","input10_examples20_not_cot_T20_seed3 - perturbed_mean_loss","input10_examples20_not_cot_T20_seed3 - perturbed_mean_loss__MIN","input10_examples20_not_cot_T20_seed3 - perturbed_mean_loss__MAX","input10_examples20_not_cot_T20_seed2 - perturbed_mean_loss","input10_examples20_not_cot_T20_seed2 - perturbed_mean_loss__MIN","input10_examples20_not_cot_T20_seed2 - perturbed_mean_loss__MAX","input10_examples20_not_cot_T20_seed1 - perturbed_mean_loss","input10_examples20_not_cot_T20_seed1 - perturbed_mean_loss__MIN","input10_examples20_not_cot_T20_seed1 - perturbed_mean_loss__MAX","input10_examples20_not_cot_T20_seed0 - perturbed_mean_loss","input10_examples20_not_cot_T20_seed0 - perturbed_mean_loss__MIN","input10_examples20_not_cot_T20_seed0 - perturbed_mean_loss__MAX"
"0","1.5791730880737305","1.5791730880737305","1.5791730880737305","2.117013692855835","2.117013692855835","2.117013692855835","1.7334011077880858","1.7334011077880858","1.7334011077880858","2.0713319778442383","2.0713319778442383","2.0713319778442383","1.5216699123382567","1.5216699123382567","1.5216699123382567"
"1","2.2275364875793455","2.2275364875793455","2.2275364875793455","1.458001518249512","1.458001518249512","1.458001518249512","1.7554241180419918","1.7554241180419918","1.7554241180419918","1.6444383621215817","1.6444383621215817","1.6444383621215817","1.3489845275878904","1.3489845275878904","1.3489845275878904"
"2","1.6870833396911618","1.6870833396911618","1.6870833396911618","2.2981603145599365","2.2981603145599365","2.2981603145599365","1.8175269126892086","1.8175269126892086","1.8175269126892086","1.5048088073730472","1.5048088073730472","1.5048088073730472","2.496488571166992","2.496488571166992","2.496488571166992"
"3","1.7911777973175047","1.7911777973175047","1.7911777973175047","1.6373458862304684","1.6373458862304684","1.6373458862304684","2.1513078212738037","2.1513078212738037","2.1513078212738037","2.4362537384033205","2.4362537384033205","2.4362537384033205","1.8957253932952884","1.8957253932952884","1.8957253932952884"
"4","2.174699449539185","2.174699449539185","2.174699449539185","1.9091578006744383","1.9091578006744383","1.9091578006744383","1.855696058273315","1.855696058273315","1.855696058273315","2.1123189449310305","2.1123189449310305","2.1123189449310305","2.094241905212402","2.094241905212402","2.094241905212402"
"5","1.763694095611572","1.763694095611572","1.763694095611572","1.953419494628906","1.953419494628906","1.953419494628906","1.7458839416503906","1.7458839416503906","1.7458839416503906","1.8705754756927488","1.8705754756927488","1.8705754756927488","1.5463294029235843","1.5463294029235843","1.5463294029235843"
"6","1.7651542663574222","1.7651542663574222","1.7651542663574222","1.6819490909576418","1.6819490909576418","1.6819490909576418","1.6741775512695316","1.6741775512695316","1.6741775512695316","1.4679554939270023","1.4679554939270023","1.4679554939270023","2.3946920871734623","2.3946920871734623","2.3946920871734623"
"7","2.2559254646301268","2.2559254646301268","2.2559254646301268","2.266946411132812","2.266946411132812","2.266946411132812","1.495835304260254","1.495835304260254","1.495835304260254","1.6593991756439213","1.6593991756439213","1.6593991756439213","1.4425319194793698","1.4425319194793698","1.4425319194793698"
"8","1.2533499717712404","1.2533499717712404","1.2533499717712404","1.8051759243011478","1.8051759243011478","1.8051759243011478","1.8761289596557615","1.8761289596557615","1.8761289596557615","1.4319345951080322","1.4319345951080322","1.4319345951080322","1.6699094772338867","1.6699094772338867","1.6699094772338867"
"9","1.6337718009948734","1.6337718009948734","1.6337718009948734","2.353666305541992","2.353666305541992","2.353666305541992","1.5226276397705076","1.5226276397705076","1.5226276397705076","2.1619403839111326","2.1619403839111326","2.1619403839111326","1.6886335849761966","1.6886335849761966","1.6886335849761966"
"10","2.685363149642944","2.685363149642944","2.685363149642944","1.9823492527008053","1.9823492527008053","1.9823492527008053","1.6307822227478024","1.6307822227478024","1.6307822227478024","1.8980341434478758","1.8980341434478758","1.8980341434478758","1.4797646522521974","1.4797646522521974","1.4797646522521974"
"11","1.8843410015106201","1.8843410015106201","1.8843410015106201","1.3646974086761476","1.3646974086761476","1.3646974086761476","2.4551840782165524","2.4551840782165524","2.4551840782165524","1.7472085475921633","1.7472085475921633","1.7472085475921633","1.6278650283813478","1.6278650283813478","1.6278650283813478"
"12","1.6109344959259033","1.6109344959259033","1.6109344959259033","1.8824615001678469","1.8824615001678469","1.8824615001678469","1.9404073715209957","1.9404073715209957","1.9404073715209957","1.987471103668213","1.987471103668213","1.987471103668213","1.651344203948975","1.651344203948975","1.651344203948975"
"13","1.4274363040924074","1.4274363040924074","1.4274363040924074","1.5622003078460693","1.5622003078460693","1.5622003078460693","2.1017473220825194","2.1017473220825194","2.1017473220825194","1.5292949676513672","1.5292949676513672","1.5292949676513672","1.50789213180542","1.50789213180542","1.50789213180542"
"14","2.046246957778931","2.046246957778931","2.046246957778931","1.686010408401489","1.686010408401489","1.686010408401489","1.4312366008758541","1.4312366008758541","1.4312366008758541","1.6309514045715332","1.6309514045715332","1.6309514045715332","1.6890977382659909","1.6890977382659909","1.6890977382659909"
"15","1.4624983787536623","1.4624983787536623","1.4624983787536623","1.067396116256714","1.067396116256714","1.067396116256714","1.73220009803772","1.73220009803772","1.73220009803772","1.6440139293670653","1.6440139293670653","1.6440139293670653","1.8631053924560543","1.8631053924560543","1.8631053924560543"
"16","1.390510606765747","1.390510606765747","1.390510606765747","1.6956531047821048","1.6956531047821048","1.6956531047821048","1.7584776878356934","1.7584776878356934","1.7584776878356934","1.5111603736877441","1.5111603736877441","1.5111603736877441","1.5615702152252195","1.5615702152252195","1.5615702152252195"
"17","1.4227313041687015","1.4227313041687015","1.4227313041687015","1.3244649887084963","1.3244649887084963","1.3244649887084963","1.6652361392974857","1.6652361392974857","1.6652361392974857","1.4095241546630861","1.4095241546630861","1.4095241546630861","1.5760050296783445","1.5760050296783445","1.5760050296783445"
"18","1.1170197486877438","1.1170197486877438","1.1170197486877438","1.3996253490447996","1.3996253490447996","1.3996253490447996","1.1709105491638185","1.1709105491638185","1.1709105491638185","1.7708745002746582","1.7708745002746582","1.7708745002746582","1.9176224708557132","1.9176224708557132","1.9176224708557132"
"19","1.5668188571929935","1.5668188571929935","1.5668188571929935","1.1743299007415775","1.1743299007415775","1.1743299007415775","1.1088171958923336","1.1088171958923336","1.1088171958923336","1.1692888259887697","1.1692888259887697","1.1692888259887697","1.9400196075439453","1.9400196075439453","1.9400196075439453"
"20","1.0138572692871097","1.0138572692871097","1.0138572692871097","1.3315147399902347","1.3315147399902347","1.3315147399902347","1.2004829406738278","1.2004829406738278","1.2004829406738278","1.5585136890411375","1.5585136890411375","1.5585136890411375","1.3387382507324217","1.3387382507324217","1.3387382507324217"
"21","1.9663892745971676","1.9663892745971676","1.9663892745971676","1.4736732006072994","1.4736732006072994","1.4736732006072994","1.2659093856811525","1.2659093856811525","1.2659093856811525","1.4016837120056156","1.4016837120056156","1.4016837120056156","1.2087210655212406","1.2087210655212406","1.2087210655212406"
"22","0.9707543373107912","0.9707543373107912","0.9707543373107912","1.4357281208038328","1.4357281208038328","1.4357281208038328","0.8922457218170168","0.8922457218170168","0.8922457218170168","1.6474473953247069","1.6474473953247069","1.6474473953247069","1.413169956207275","1.413169956207275","1.413169956207275"
"23","1.5756532669067385","1.5756532669067385","1.5756532669067385","1.2992311000823973","1.2992311000823973","1.2992311000823973","1.494575786590576","1.494575786590576","1.494575786590576","1.6367371082305908","1.6367371082305908","1.6367371082305908","1.3632080078125002","1.3632080078125002","1.3632080078125002"
"24","1.3109034061431881","1.3109034061431881","1.3109034061431881","1.089031457901001","1.089031457901001","1.089031457901001","0.8112731933593746","0.8112731933593746","0.8112731933593746","1.2566455364227291","1.2566455364227291","1.2566455364227291","1.504658889770508","1.504658889770508","1.504658889770508"
"25","0.9942867755889893","0.9942867755889893","0.9942867755889893","1.270503902435303","1.270503902435303","1.270503902435303","1.0051250934600828","1.0051250934600828","1.0051250934600828","1.1337395191192625","1.1337395191192625","1.1337395191192625","1.2100831985473635","1.2100831985473635","1.2100831985473635"
"26","0.9067573547363281","0.9067573547363281","0.9067573547363281","1.007397794723511","1.007397794723511","1.007397794723511","0.9450046062469486","0.9450046062469486","0.9450046062469486","1.1683037757873533","1.1683037757873533","1.1683037757873533","1.0553195476531982","1.0553195476531982","1.0553195476531982"
"27","0.9138406753540043","0.9138406753540043","0.9138406753540043","0.9887971401214601","0.9887971401214601","0.9887971401214601","0.7079879760742189","0.7079879760742189","0.7079879760742189","1.304880905151367","1.304880905151367","1.304880905151367","1.4837579727172852","1.4837579727172852","1.4837579727172852"
"28","0.888210964202881","0.888210964202881","0.888210964202881","0.7021903514862062","0.7021903514862062","0.7021903514862062","0.8501383304595951","0.8501383304595951","0.8501383304595951","1.1239221096038818","1.1239221096038818","1.1239221096038818","1.1192003250122067","1.1192003250122067","1.1192003250122067"
"29","1.0738326072692868","1.0738326072692868","1.0738326072692868","0.8044106483459474","0.8044106483459474","0.8044106483459474","0.8758961677551271","0.8758961677551271","0.8758961677551271","0.8931364536285402","0.8931364536285402","0.8931364536285402","1.111758136749268","1.111758136749268","1.111758136749268"
"30","0.8967159271240233","0.8967159271240233","0.8967159271240233","0.9071848392486572","0.9071848392486572","0.9071848392486572","0.7977624893188473","0.7977624893188473","0.7977624893188473","1.7137283802032472","1.7137283802032472","1.7137283802032472","1.1140986442565914","1.1140986442565914","1.1140986442565914"
"31","1.0175854682922365","1.0175854682922365","1.0175854682922365","0.6467951774597167","0.6467951774597167","0.6467951774597167","0.9360736370086666","0.9360736370086666","0.9360736370086666","0.9877260208129881","0.9877260208129881","0.9877260208129881","1.1865862846374515","1.1865862846374515","1.1865862846374515"
"32","0.7114387989044193","0.7114387989044193","0.7114387989044193","0.5436954498291016","0.5436954498291016","0.5436954498291016","0.773247480392456","0.773247480392456","0.773247480392456","1.284061622619629","1.284061622619629","1.284061622619629","1.0217280864715574","1.0217280864715574","1.0217280864715574"
"33","0.9215157508850096","0.9215157508850096","0.9215157508850096","0.643732643127441","0.643732643127441","0.643732643127441","0.6200259208679197","0.6200259208679197","0.6200259208679197","0.7222814559936523","0.7222814559936523","0.7222814559936523","1.1237215995788574","1.1237215995788574","1.1237215995788574"
"34","0.7941721439361569","0.7941721439361569","0.7941721439361569","0.6137644767761232","0.6137644767761232","0.6137644767761232","0.9975682735443119","0.9975682735443119","0.9975682735443119","1.1895489692687988","1.1895489692687988","1.1895489692687988","1.070476007461548","1.070476007461548","1.070476007461548"
"35","0.6646407127380369","0.6646407127380369","0.6646407127380369","0.5156945228576659","0.5156945228576659","0.5156945228576659","0.5921759128570558","0.5921759128570558","0.5921759128570558","1.00486421585083","1.00486421585083","1.00486421585083","1.1318378925323485","1.1318378925323485","1.1318378925323485"
"36","0.5520195960998535","0.5520195960998535","0.5520195960998535","0.615454339981079","0.615454339981079","0.615454339981079","0.5616934299468994","0.5616934299468994","0.5616934299468994","0.7284143447875975","0.7284143447875975","0.7284143447875975","1.030816602706909","1.030816602706909","1.030816602706909"
"37","0.5628257751464845","0.5628257751464845","0.5628257751464845","0.5298519611358641","0.5298519611358641","0.5298519611358641","0.6374482631683351","0.6374482631683351","0.6374482631683351","0.9326328277587894","0.9326328277587894","0.9326328277587894","0.8964832305908201","0.8964832305908201","0.8964832305908201"
"38","0.5858989238739012","0.5858989238739012","0.5858989238739012","0.5890077590942382","0.5890077590942382","0.5890077590942382","0.4381669521331788","0.4381669521331788","0.4381669521331788","0.8899996757507322","0.8899996757507322","0.8899996757507322","0.9472254753112797","0.9472254753112797","0.9472254753112797"
"39","0.42695717811584455","0.42695717811584455","0.42695717811584455","0.47111072540283194","0.47111072540283194","0.47111072540283194","0.6280739307403564","0.6280739307403564","0.6280739307403564","0.6123886585235594","0.6123886585235594","0.6123886585235594","0.7867121219635012","0.7867121219635012","0.7867121219635012"