"Step","input10_examples20_T40_seed2 - perturbed_mean_loss","input10_examples20_T40_seed2 - perturbed_mean_loss__MIN","input10_examples20_T40_seed2 - perturbed_mean_loss__MAX","input10_examples20_T40_seed1 - perturbed_mean_loss","input10_examples20_T40_seed1 - perturbed_mean_loss__MIN","input10_examples20_T40_seed1 - perturbed_mean_loss__MAX","input10_examples20_T40_seed0 - perturbed_mean_loss","input10_examples20_T40_seed0 - perturbed_mean_loss__MIN","input10_examples20_T40_seed0 - perturbed_mean_loss__MAX"
"0","5.694413805007935","5.694413805007935","5.694413805007935","6.569981956481934","6.569981956481934","6.569981956481934","5.044526386260987","5.044526386260987","5.044526386260987"
"1","4.807092237472535","4.807092237472535","4.807092237472535","4.879239368438721","4.879239368438721","4.879239368438721","3.9938213348388674","3.9938213348388674","3.9938213348388674"
"2","3.655331468582153","3.655331468582153","3.655331468582153","3.368772554397583","3.368772554397583","3.368772554397583","5.294217348098755","5.294217348098755","5.294217348098755"
"3","3.0372128009796144","3.0372128009796144","3.0372128009796144","3.657081890106201","3.657081890106201","3.657081890106201","2.8691823959350584","2.8691823959350584","2.8691823959350584"
"4","1.646695852279663","1.646695852279663","1.646695852279663","1.8800146579742432","1.8800146579742432","1.8800146579742432","1.8328563213348392","1.8328563213348392","1.8328563213348392"
"5","0.7521302700042725","0.7521302700042725","0.7521302700042725","0.8875959873199464","0.8875959873199464","0.8875959873199464","0.6378531932830809","0.6378531932830809","0.6378531932830809"
"6","0.22774324417114267","0.22774324417114267","0.22774324417114267","0.2662327289581299","0.2662327289581299","0.2662327289581299","0.32312862873077397","0.32312862873077397","0.32312862873077397"
"7","0.023801994323730424","0.023801994323730424","0.023801994323730424","0.034913492202758745","0.034913492202758745","0.034913492202758745","0.02882838249206543","0.02882838249206543","0.02882838249206543"
"8","0.005228489637374878","0.005228489637374878","0.005228489637374878","0.007170128822326649","0.007170128822326649","0.007170128822326649","0.004239428043365467","0.004239428043365467","0.004239428043365467"
"9","0.0011672362685203538","0.0011672362685203538","0.0011672362685203538","0.0016530737280845698","0.0016530737280845698","0.0016530737280845698","0.0021801322698593167","0.0021801322698593167","0.0021801322698593167"
"10","0.0014332450926303891","0.0014332450926303891","0.0014332450926303891","0.0013022325932979598","0.0013022325932979598","0.0013022325932979598","0.0013500384986400576","0.0013500384986400576","0.0013500384986400576"
"11","0.001378420740365982","0.001378420740365982","0.001378420740365982","0.0009785406291484833","0.0009785406291484833","0.0009785406291484833","0.0012993671000003787","0.0012993671000003787","0.0012993671000003787"
"12","0.0014802314341068254","0.0014802314341068254","0.0014802314341068254","0.0007306672632694244","0.0007306672632694244","0.0007306672632694244","0.0008601054549217252","0.0008601054549217252","0.0008601054549217252"
"13","0.0012529619038105025","0.0012529619038105025","0.0012529619038105025","0.0009785138070583371","0.0009785138070583371","0.0009785138070583371","0.0008681491017341614","0.0008681491017341614","0.0008681491017341614"
"14","0.0009425945580005674","0.0009425945580005674","0.0009425945580005674","0.0011203840374946622","0.0011203840374946622","0.0011203840374946622","0.0010849483311176286","0.0010849483311176286","0.0010849483311176286"
"15","0.0008188292384147672","0.0008188292384147672","0.0008188292384147672","0.0011047922074794783","0.0011047922074794783","0.0011047922074794783","0.0014971725642681094","0.0014971725642681094","0.0014971725642681094"
"16","0.0010175354778766618","0.0010175354778766618","0.0010175354778766618","0.0010587051510810852","0.0010587051510810852","0.0010587051510810852","0.0011137410998344408","0.0011137410998344408","0.0011137410998344408"
"17","0.0010046660900115967","0.0010046660900115967","0.0010046660900115967","0.0008625917136669131","0.0008625917136669131","0.0008625917136669131","0.0013236604630947127","0.0013236604630947127","0.0013236604630947127"
"18","0.0009842850267887115","0.0009842850267887115","0.0009842850267887115","0.0010314047336578355","0.0010314047336578355","0.0010314047336578355","0.0004700206220149966","0.0004700206220149966","0.0004700206220149966"
"19","0.0010428860783576951","0.0010428860783576951","0.0010428860783576951","0.0011596709489822415","0.0011596709489822415","0.0011596709489822415","0.0011704318225383772","0.0011704318225383772","0.0011704318225383772"
"20","0.0006010659039020552","0.0006010659039020552","0.0006010659039020552","0.0007205955684185042","0.0007205955684185042","0.0007205955684185042","0.0009520009160041837","0.0009520009160041837","0.0009520009160041837"
"21","0.0013883687555789961","0.0013883687555789961","0.0013883687555789961","0.0009040884673595442","0.0009040884673595442","0.0009040884673595442","0.0007773585617542253","0.0007773585617542253","0.0007773585617542253"
"22","0.0008257247507572202","0.0008257247507572202","0.0008257247507572202","0.0016527369618415805","0.0016527369618415805","0.0016527369618415805","0.0012094281613826766","0.0012094281613826766","0.0012094281613826766"
"23","0.0010236486792564378","0.0010236486792564378","0.0010236486792564378","0.0011511467397212968","0.0011511467397212968","0.0011511467397212968","0.0009386688470840454","0.0009386688470840454","0.0009386688470840454"
"24","0.0010618522763252286","0.0010618522763252286","0.0010618522763252286","0.0015492670238018008","0.0015492670238018008","0.0015492670238018008","0.0014188446104526492","0.0014188446104526492","0.0014188446104526492"
"25","0.0008430384099483504","0.0008430384099483504","0.0008430384099483504","0.001187360286712645","0.001187360286712645","0.001187360286712645","0.0010309524834156009","0.0010309524834156009","0.0010309524834156009"
"26","0.0012088149785995511","0.0012088149785995511","0.0012088149785995511","0.0009110368788242326","0.0009110368788242326","0.0009110368788242326","0.0010107830166816711","0.0010107830166816711","0.0010107830166816711"
"27","0.001049062609672545","0.001049062609672545","0.001049062609672545","0.0005819961428642287","0.0005819961428642287","0.0005819961428642287","0.0011504717171192183","0.0011504717171192183","0.0011504717171192183"
"28","0.0004978839308023425","0.0004978839308023425","0.0004978839308023425","0.0009036257863044711","0.0009036257863044711","0.0009036257863044711","0.0013045527040958377","0.0013045527040958377","0.0013045527040958377"
"29","0.0011352322995662675","0.0011352322995662675","0.0011352322995662675","0.0010477833449840518","0.0010477833449840518","0.0010477833449840518","0.0011661350727081299","0.0011661350727081299","0.0011661350727081299"
"30","0.001286446303129199","0.001286446303129199","0.001286446303129199","0.001392592489719388","0.001392592489719388","0.001392592489719388","0.0007296144962310805","0.0007296144962310805","0.0007296144962310805"
"31","0.000884566456079483","0.000884566456079483","0.000884566456079483","0.0007497988641262041","0.0007497988641262041","0.0007497988641262041","0.0010001488029956832","0.0010001488029956832","0.0010001488029956832"
"32","0.0011618092656135587","0.0011618092656135587","0.0011618092656135587","0.0014102853834629045","0.0014102853834629045","0.0014102853834629045","0.0014299936592578888","0.0014299936592578888","0.0014299936592578888"
"33","0.0012783497571945204","0.0012783497571945204","0.0012783497571945204","0.0009958192706108066","0.0009958192706108066","0.0009958192706108066","0.0004223592579364749","0.0004223592579364749","0.0004223592579364749"
"34","0.0008177749812603025","0.0008177749812603025","0.0008177749812603025","0.0012710504233837128","0.0012710504233837128","0.0012710504233837128","0.001423768699169159","0.001423768699169159","0.001423768699169159"
"35","0.0010705001652240725","0.0010705001652240725","0.0010705001652240725","0.0011948555707931505","0.0011948555707931505","0.0011948555707931505","0.0006316088140010806","0.0006316088140010806","0.0006316088140010806"
"36","0.0011635273694992065","0.0011635273694992065","0.0011635273694992065","0.0010629944503307356","0.0010629944503307356","0.0010629944503307356","0.0013205327093601255","0.0013205327093601255","0.0013205327093601255"
"37","0.0009565763175487518","0.0009565763175487518","0.0009565763175487518","0.0008484564721584348","0.0008484564721584348","0.0008484564721584348","0.000861768424510953","0.000861768424510953","0.000861768424510953"
"38","0.0011388100683689117","0.0011388100683689117","0.0011388100683689117","0.0010571271181106581","0.0010571271181106581","0.0010571271181106581","0.0005412206053733853","0.0005412206053733853","0.0005412206053733853"
"39","0.0012300476431846633","0.0012300476431846633","0.0012300476431846633","0.001169651746749878","0.001169651746749878","0.001169651746749878","0.0008753672242164598","0.0008753672242164598","0.0008753672242164598"